{
  "cat__ST_Slope_Up": 0.1066256711585927,
  "cat__ChestPainType_ASY": 0.08457460478950657,
  "cat__ST_Slope_Flat": 0.06825283548150042,
  "num__FastingBS": 0.032885373421036444,
  "cat__Sex_F": 0.03198604645070333,
  "num__Oldpeak": 0.03177101205008427,
  "cat__ExerciseAngina_N": 0.028965949607905557,
  "num__MaxHR": 0.024483822330966905,
  "num__Cholesterol": 0.016610103541824055,
  "cat__Sex_M": 0.016038527448429166,
  "cat__ExerciseAngina_Y": 0.009768369508134249,
  "num__Age": 0.007358633002302034
}